paneWidth,1551.0
paneHeight,835.0
BgColor,0xffffffff
Ell,402.0,257.0,20.0,20.0,0xff0000ff
Ell,408.6666666666667,262.0,20.0,20.0,0xff0000ff
Ell,424.0,262.0,20.0,20.0,0xff0000ff
Ell,430.6666666666667,268.0,20.0,20.0,0xff0000ff
Ell,463.0,268.0,20.0,20.0,0xff0000ff
Ell,469.6666666666667,274.6666666666667,20.0,20.0,0xff0000ff
Ell,476.33333333333337,278.0,20.0,20.0,0xff0000ff
Ell,485.0,278.0,20.0,20.0,0xff0000ff
Ell,491.6666666666667,284.6666666666667,20.0,20.0,0xff0000ff
Ell,498.33333333333337,291.33333333333337,20.0,20.0,0xff0000ff
Ell,505.00000000000006,297.0,20.0,20.0,0xff0000ff
Ell,534.0,297.0,20.0,20.0,0xff0000ff
Ell,540.6666666666666,303.6666666666667,20.0,20.0,0xff0000ff
Ell,547.3333333333333,310.33333333333337,20.0,20.0,0xff0000ff
Ell,553.9999999999999,314.0,20.0,20.0,0xff0000ff
Ell,573.0,314.0,20.0,20.0,0xff0000ff
Ell,579.6666666666666,320.6666666666667,20.0,20.0,0xff0000ff
Ell,586.3333333333333,323.0,20.0,20.0,0xff0000ff
Ell,589.0,323.0,20.0,20.0,0xff0000ff
Ell,595.6666666666666,329.6666666666667,20.0,20.0,0xff0000ff
Ell,602.3333333333333,336.33333333333337,20.0,20.0,0xff0000ff
Ell,608.9999999999999,340.0,20.0,20.0,0xff0000ff
Ell,628.0,340.0,20.0,20.0,0xff0000ff
Ell,634.6666666666666,346.6666666666667,20.0,20.0,0xff0000ff
Ell,641.3333333333333,351.0,20.0,20.0,0xff0000ff
Ell,656.0,351.0,20.0,20.0,0xff0000ff
Ell,662.6666666666666,357.6666666666667,20.0,20.0,0xff0000ff
Ell,664.0,359.0,20.0,20.0,0xff0000ff
Ell,664.0,359.0,20.0,20.0,0xff0000ff
Ell,670.6666666666666,365.6666666666667,20.0,20.0,0xff0000ff
Ell,677.3333333333333,372.33333333333337,20.0,20.0,0xff0000ff
Ell,683.9999999999999,374.0,20.0,20.0,0xff0000ff
Ell,685.0,374.0,20.0,20.0,0xff0000ff
Ell,691.6666666666666,380.6666666666667,20.0,20.0,0xff0000ff
Ell,698.3333333333333,387.33333333333337,20.0,20.0,0xff0000ff
Ell,704.9999999999999,393.0,20.0,20.0,0xff0000ff
Ell,721.0,393.0,20.0,20.0,0xff0000ff
Ell,727.6666666666666,399.6666666666667,20.0,20.0,0xff0000ff
Ell,734.3333333333333,406.33333333333337,20.0,20.0,0xff0000ff
Ell,740.9999999999999,411.0,20.0,20.0,0xff0000ff
Ell,752.0,411.0,20.0,20.0,0xff0000ff
Ell,758.6666666666666,417.6666666666667,20.0,20.0,0xff0000ff
Ell,759.0,418.0,20.0,20.0,0xff0000ff
Ell,759.0,418.0,20.0,20.0,0xff0000ff
Ell,765.6666666666666,424.6666666666667,20.0,20.0,0xff0000ff
Ell,772.3333333333333,430.0,20.0,20.0,0xff0000ff
Ell,787.0,430.0,20.0,20.0,0xff0000ff
Ell,793.6666666666666,436.6666666666667,20.0,20.0,0xff0000ff
Ell,800.3333333333333,437.0,20.0,20.0,0xff0000ff
Ell,814.0,437.0,20.0,20.0,0xff0000ff
Ell,820.6666666666666,441.0,20.0,20.0,0xff0000ff
Ell,829.0,441.0,20.0,20.0,0xff0000ff
Ell,835.6666666666666,447.6666666666667,20.0,20.0,0xff0000ff
Ell,837.0,448.0,20.0,20.0,0xff0000ff
Ell,837.0,448.0,20.0,20.0,0xff0000ff
Ell,843.6666666666666,454.6666666666667,20.0,20.0,0xff0000ff
Ell,849.0,455.0,20.0,20.0,0xff0000ff
Ell,849.0,455.0,20.0,20.0,0xff0000ff
Ell,855.6666666666666,461.6666666666667,20.0,20.0,0xff0000ff
Ell,862.3333333333333,468.33333333333337,20.0,20.0,0xff0000ff
Ell,868.9999999999999,475.00000000000006,20.0,20.0,0xff0000ff
Ell,875.6666666666665,481.66666666666674,20.0,20.0,0xff0000ff
Ell,882.3333333333331,486.0,20.0,20.0,0xff0000ff
Ell,914.0,486.0,20.0,20.0,0xff0000ff
Ell,920.0,491.0,20.0,20.0,0xff0000ff
Ell,920.0,491.0,20.0,20.0,0xff0000ff
Ell,926.6666666666666,496.0,20.0,20.0,0xff0000ff
Ell,927.0,496.0,20.0,20.0,0xff0000ff
Ell,933.6666666666666,501.0,20.0,20.0,0xff0000ff
Ell,939.0,501.0,20.0,20.0,0xff0000ff
Ell,945.6666666666666,507.6666666666667,20.0,20.0,0xff0000ff
Ell,952.3333333333333,508.0,20.0,20.0,0xff0000ff
Ell,960.0,508.0,20.0,20.0,0xff0000ff
Ell,965.0,511.0,20.0,20.0,0xff0000ff
Ell,965.0,511.0,20.0,20.0,0xff0000ff
Ell,970.0,515.0,20.0,20.0,0xff0000ff
Ell,970.0,515.0,20.0,20.0,0xff0000ff
Ell,973.0,520.0,20.0,20.0,0xff0000ff
Ell,973.0,520.0,20.0,20.0,0xff0000ff
Ell,973.0,523.0,20.0,20.0,0xff0000ff
Ell,974.0,525.0,20.0,20.0,0xff0000ff
Ell,974.0,525.0,20.0,20.0,0xff0000ff
Ell,975.0,528.0,20.0,20.0,0xff0000ff
Ell,975.0,528.0,20.0,20.0,0xff0000ff
Ell,977.0,534.0,20.0,20.0,0xff0000ff
Ell,977.0,534.0,20.0,20.0,0xff0000ff
Ell,978.0,536.0,20.0,20.0,0xff0000ff
Ell,978.0,536.0,20.0,20.0,0xff0000ff
Ell,979.0,542.6666666666666,20.0,20.0,0xff0000ff
Ell,979.0,543.0,20.0,20.0,0xff0000ff
Ell,980.0,545.0,20.0,20.0,0xff0000ff
Ell,980.0,545.0,20.0,20.0,0xff0000ff
Ell,982.0,551.6666666666666,20.0,20.0,0xff0000ff
Ell,982.0,552.0,20.0,20.0,0xff0000ff
Ell,982.0,555.0,20.0,20.0,0xff0000ff
Ell,983.0,557.0,20.0,20.0,0xff0000ff
Ell,983.0,557.0,20.0,20.0,0xff0000ff
Ell,984.0,561.0,20.0,20.0,0xff0000ff
Ell,984.0,561.0,20.0,20.0,0xff0000ff
Ell,985.0,564.0,20.0,20.0,0xff0000ff
Ell,985.0,564.0,20.0,20.0,0xff0000ff
Ell,985.0,569.0,20.0,20.0,0xff0000ff
Ell,985.0,573.0,20.0,20.0,0xff0000ff
Ell,985.0,575.0,20.0,20.0,0xff0000ff
Ell,985.0,582.0,20.0,20.0,0xff0000ff
Ell,985.0,585.0,20.0,20.0,0xff0000ff
Ell,984.0,587.0,20.0,20.0,0xff0000ff
Ell,984.0,587.0,20.0,20.0,0xff0000ff
Ell,983.0,591.0,20.0,20.0,0xff0000ff
Ell,983.0,591.0,20.0,20.0,0xff0000ff
Ell,983.0,594.0,20.0,20.0,0xff0000ff
Ell,983.0,596.0,20.0,20.0,0xff0000ff
Ell,983.0,598.0,20.0,20.0,0xff0000ff
Ell,983.0,600.0,20.0,20.0,0xff0000ff
Ell,983.0,602.0,20.0,20.0,0xff0000ff
Ell,983.0,604.0,20.0,20.0,0xff0000ff
Ell,983.0,605.0,20.0,20.0,0xff0000ff
Ell,983.0,608.0,20.0,20.0,0xff0000ff
Ell,983.0,610.0,20.0,20.0,0xff0000ff
Ell,983.0,612.0,20.0,20.0,0xff0000ff
Ell,983.0,614.0,20.0,20.0,0xff0000ff
Ell,981.0,618.0,20.0,20.0,0xff0000ff
Ell,981.0,618.0,20.0,20.0,0xff0000ff
Ell,981.0,621.0,20.0,20.0,0xff0000ff
Ell,978.0,627.6666666666666,20.0,20.0,0xff0000ff
Ell,978.0,633.0,20.0,20.0,0xff0000ff
Ell,977.0,636.0,20.0,20.0,0xff0000ff
Ell,977.0,636.0,20.0,20.0,0xff0000ff
Ell,977.0,637.0,20.0,20.0,0xff0000ff
Ell,977.0,638.0,20.0,20.0,0xff0000ff
Ell,977.0,639.0,20.0,20.0,0xff0000ff
Ell,977.0,640.0,20.0,20.0,0xff0000ff
Ell,977.0,641.0,20.0,20.0,0xff0000ff
Ell,977.0,643.0,20.0,20.0,0xff0000ff
Ell,975.0,648.0,20.0,20.0,0xff0000ff
Ell,975.0,648.0,20.0,20.0,0xff0000ff
Ell,972.0,654.6666666666666,20.0,20.0,0xff0000ff
Ell,972.0,659.0,20.0,20.0,0xff0000ff
Ell,971.0,661.0,20.0,20.0,0xff0000ff
Ell,971.0,661.0,20.0,20.0,0xff0000ff
Ell,970.0,665.0,20.0,20.0,0xff0000ff
Ell,970.0,665.0,20.0,20.0,0xff0000ff
Ell,969.0,671.0,20.0,20.0,0xff0000ff
Ell,969.0,671.0,20.0,20.0,0xff0000ff
Ell,968.0,674.0,20.0,20.0,0xff0000ff
Ell,968.0,674.0,20.0,20.0,0xff0000ff
Ell,967.0,676.0,20.0,20.0,0xff0000ff
Ell,967.0,676.0,20.0,20.0,0xff0000ff
Ell,967.0,678.0,20.0,20.0,0xff0000ff
Ell,966.0,679.0,20.0,20.0,0xff0000ff
Ell,966.0,679.0,20.0,20.0,0xff0000ff
Ell,965.0,680.0,20.0,20.0,0xff0000ff
Ell,965.0,680.0,20.0,20.0,0xff0000ff
Ell,963.0,683.0,20.0,20.0,0xff0000ff
Ell,963.0,683.0,20.0,20.0,0xff0000ff
Ell,957.0,687.0,20.0,20.0,0xff0000ff
Ell,957.0,687.0,20.0,20.0,0xff0000ff
Ell,950.3333333333334,690.0,20.0,20.0,0xff0000ff
Ell,949.0,690.0,20.0,20.0,0xff0000ff
Ell,946.0,695.0,20.0,20.0,0xff0000ff
Ell,946.0,695.0,20.0,20.0,0xff0000ff
Ell,940.0,700.0,20.0,20.0,0xff0000ff
Ell,940.0,700.0,20.0,20.0,0xff0000ff
Ell,936.0,703.0,20.0,20.0,0xff0000ff
Ell,936.0,703.0,20.0,20.0,0xff0000ff
Ell,933.0,706.0,20.0,20.0,0xff0000ff
Ell,933.0,706.0,20.0,20.0,0xff0000ff
Ell,931.0,709.0,20.0,20.0,0xff0000ff
Ell,931.0,709.0,20.0,20.0,0xff0000ff
Ell,929.0,710.0,20.0,20.0,0xff0000ff
Ell,929.0,710.0,20.0,20.0,0xff0000ff
Ell,929.0,711.0,20.0,20.0,0xff0000ff
Ell,928.0,711.0,20.0,20.0,0xff0000ff
Ell,927.0,715.0,20.0,20.0,0xff0000ff
Ell,927.0,715.0,20.0,20.0,0xff0000ff
Ell,926.0,718.0,20.0,20.0,0xff0000ff
Ell,926.0,718.0,20.0,20.0,0xff0000ff
Ell,925.0,720.0,20.0,20.0,0xff0000ff
Ell,925.0,720.0,20.0,20.0,0xff0000ff
Ell,925.0,727.0,20.0,20.0,0xff0000ff
Ell,925.0,729.0,20.0,20.0,0xff0000ff
Ell,925.0,731.0,20.0,20.0,0xff0000ff
Ell,925.0,733.0,20.0,20.0,0xff0000ff
Ell,925.0,735.0,20.0,20.0,0xff0000ff
Ell,925.0,736.0,20.0,20.0,0xff0000ff
Ell,927.0,738.0,20.0,20.0,0xff0000ff
Ell,927.0,738.0,20.0,20.0,0xff0000ff
Ell,930.0,741.0,20.0,20.0,0xff0000ff
Ell,930.0,741.0,20.0,20.0,0xff0000ff
Ell,933.0,743.0,20.0,20.0,0xff0000ff
Ell,933.0,743.0,20.0,20.0,0xff0000ff
Ell,936.0,746.0,20.0,20.0,0xff0000ff
Ell,936.0,746.0,20.0,20.0,0xff0000ff
Ell,940.0,749.0,20.0,20.0,0xff0000ff
Ell,940.0,749.0,20.0,20.0,0xff0000ff
Ell,944.0,753.0,20.0,20.0,0xff0000ff
Ell,944.0,753.0,20.0,20.0,0xff0000ff
Ell,949.0,758.0,20.0,20.0,0xff0000ff
Ell,949.0,758.0,20.0,20.0,0xff0000ff
Ell,955.0,764.0,20.0,20.0,0xff0000ff
Ell,955.0,764.0,20.0,20.0,0xff0000ff
Ell,959.0,767.0,20.0,20.0,0xff0000ff
Ell,959.0,767.0,20.0,20.0,0xff0000ff
Ell,964.0,771.0,20.0,20.0,0xff0000ff
Ell,964.0,771.0,20.0,20.0,0xff0000ff
Ell,966.0,774.0,20.0,20.0,0xff0000ff
Ell,966.0,774.0,20.0,20.0,0xff0000ff
Ell,968.0,776.0,20.0,20.0,0xff0000ff
Ell,968.0,776.0,20.0,20.0,0xff0000ff
Ell,972.0,777.0,20.0,20.0,0xff0000ff
Ell,972.0,777.0,20.0,20.0,0xff0000ff
Ell,973.0,778.0,20.0,20.0,0xff0000ff
Ell,973.0,778.0,20.0,20.0,0xff0000ff
Ell,977.0,780.0,20.0,20.0,0xff0000ff
Ell,977.0,780.0,20.0,20.0,0xff0000ff
Ell,983.0,780.0,20.0,20.0,0xff0000ff
Ell,989.6666666666666,782.0,20.0,20.0,0xff0000ff
Ell,995.0,782.0,20.0,20.0,0xff0000ff
Ell,1008.0,782.0,20.0,20.0,0xff0000ff
Ell,1017.0,782.0,20.0,20.0,0xff0000ff
Ell,1021.0,781.0,20.0,20.0,0xff0000ff
Ell,1021.0,781.0,20.0,20.0,0xff0000ff
Ell,1027.0,780.0,20.0,20.0,0xff0000ff
Ell,1027.0,780.0,20.0,20.0,0xff0000ff
Ell,1033.6666666666667,778.0,20.0,20.0,0xff0000ff
Ell,1034.0,778.0,20.0,20.0,0xff0000ff
Ell,1042.0,778.0,20.0,20.0,0xff0000ff
Ell,1048.6666666666667,777.0,20.0,20.0,0xff0000ff
Ell,1054.0,777.0,20.0,20.0,0xff0000ff
Ell,1060.0,774.0,20.0,20.0,0xff0000ff
Ell,1060.0,774.0,20.0,20.0,0xff0000ff
Ell,1065.0,773.0,20.0,20.0,0xff0000ff
Ell,1065.0,773.0,20.0,20.0,0xff0000ff
Ell,1071.0,768.0,20.0,20.0,0xff0000ff
Ell,1071.0,768.0,20.0,20.0,0xff0000ff
Ell,1077.0,765.0,20.0,20.0,0xff0000ff
Ell,1077.0,765.0,20.0,20.0,0xff0000ff
Ell,1080.0,762.0,20.0,20.0,0xff0000ff
Ell,1080.0,762.0,20.0,20.0,0xff0000ff
Ell,1086.6666666666667,756.0,20.0,20.0,0xff0000ff
Ell,1088.0,756.0,20.0,20.0,0xff0000ff
Ell,1092.0,754.0,20.0,20.0,0xff0000ff
Ell,1092.0,754.0,20.0,20.0,0xff0000ff
Ell,1098.6666666666667,751.0,20.0,20.0,0xff0000ff
Ell,1101.0,751.0,20.0,20.0,0xff0000ff
Ell,1107.6666666666667,748.0,20.0,20.0,0xff0000ff
Ell,1113.0,748.0,20.0,20.0,0xff0000ff
Ell,1119.6666666666667,746.0,20.0,20.0,0xff0000ff
Ell,1120.0,746.0,20.0,20.0,0xff0000ff
Ell,1126.6666666666667,743.0,20.0,20.0,0xff0000ff
Ell,1129.0,743.0,20.0,20.0,0xff0000ff
Ell,1135.6666666666667,742.0,20.0,20.0,0xff0000ff
Ell,1136.0,742.0,20.0,20.0,0xff0000ff
Ell,1138.0,741.0,20.0,20.0,0xff0000ff
Ell,1138.0,741.0,20.0,20.0,0xff0000ff
Ell,1141.0,740.0,20.0,20.0,0xff0000ff
Ell,1141.0,740.0,20.0,20.0,0xff0000ff
Ell,1144.0,740.0,20.0,20.0,0xff0000ff
Ell,1148.0,738.0,20.0,20.0,0xff0000ff
Ell,1148.0,738.0,20.0,20.0,0xff0000ff
Ell,1154.6666666666667,735.0,20.0,20.0,0xff0000ff
Ell,1155.0,735.0,20.0,20.0,0xff0000ff
Ell,1161.0,733.0,20.0,20.0,0xff0000ff
Ell,1161.0,733.0,20.0,20.0,0xff0000ff
Ell,1167.6666666666667,729.0,20.0,20.0,0xff0000ff
Ell,1170.0,729.0,20.0,20.0,0xff0000ff
Ell,1174.0,727.0,20.0,20.0,0xff0000ff
Ell,1174.0,727.0,20.0,20.0,0xff0000ff
Ell,1180.6666666666667,720.3333333333334,20.0,20.0,0xff0000ff
Ell,1181.0,720.0,20.0,20.0,0xff0000ff
Ell,1181.0,720.0,20.0,20.0,0xff0000ff
Ell,1185.0,716.0,20.0,20.0,0xff0000ff
Ell,1185.0,716.0,20.0,20.0,0xff0000ff
Ell,1191.0,712.0,20.0,20.0,0xff0000ff
Ell,1191.0,712.0,20.0,20.0,0xff0000ff
Ell,1193.0,707.0,20.0,20.0,0xff0000ff
Ell,1193.0,707.0,20.0,20.0,0xff0000ff
Ell,1195.0,703.0,20.0,20.0,0xff0000ff
Ell,1195.0,703.0,20.0,20.0,0xff0000ff
Ell,1197.0,697.0,20.0,20.0,0xff0000ff
Ell,1197.0,697.0,20.0,20.0,0xff0000ff
Ell,1199.0,695.0,20.0,20.0,0xff0000ff
Ell,1199.0,695.0,20.0,20.0,0xff0000ff
Ell,1202.0,693.0,20.0,20.0,0xff0000ff
Ell,1202.0,693.0,20.0,20.0,0xff0000ff
Ell,1203.0,692.0,20.0,20.0,0xff0000ff
Ell,1203.0,692.0,20.0,20.0,0xff0000ff
Ell,1204.0,689.0,20.0,20.0,0xff0000ff
Ell,1204.0,689.0,20.0,20.0,0xff0000ff
Ell,1210.6666666666667,682.3333333333334,20.0,20.0,0xff0000ff
Ell,1216.0,676.0,20.0,20.0,0xff0000ff
Ell,1216.0,676.0,20.0,20.0,0xff0000ff
Ell,1219.0,673.0,20.0,20.0,0xff0000ff
Ell,1219.0,673.0,20.0,20.0,0xff0000ff
Ell,1221.0,669.0,20.0,20.0,0xff0000ff
Ell,1221.0,669.0,20.0,20.0,0xff0000ff
Ell,1225.0,664.0,20.0,20.0,0xff0000ff
Ell,1225.0,664.0,20.0,20.0,0xff0000ff
Ell,1229.0,658.0,20.0,20.0,0xff0000ff
Ell,1229.0,658.0,20.0,20.0,0xff0000ff
Ell,1230.0,654.0,20.0,20.0,0xff0000ff
Ell,1230.0,654.0,20.0,20.0,0xff0000ff
Ell,1231.0,650.0,20.0,20.0,0xff0000ff
Ell,1231.0,650.0,20.0,20.0,0xff0000ff
Ell,1232.0,647.0,20.0,20.0,0xff0000ff
Ell,1232.0,647.0,20.0,20.0,0xff0000ff
Ell,1234.0,640.3333333333334,20.0,20.0,0xff0000ff
Ell,1234.0,640.0,20.0,20.0,0xff0000ff
Ell,1235.0,635.0,20.0,20.0,0xff0000ff
Ell,1235.0,635.0,20.0,20.0,0xff0000ff
Ell,1236.0,631.0,20.0,20.0,0xff0000ff
Ell,1236.0,631.0,20.0,20.0,0xff0000ff
Ell,1238.0,627.0,20.0,20.0,0xff0000ff
Ell,1238.0,627.0,20.0,20.0,0xff0000ff
Ell,1239.0,621.0,20.0,20.0,0xff0000ff
Ell,1239.0,621.0,20.0,20.0,0xff0000ff
Ell,1240.0,617.0,20.0,20.0,0xff0000ff
Ell,1240.0,617.0,20.0,20.0,0xff0000ff
Ell,1242.0,611.0,20.0,20.0,0xff0000ff
Ell,1242.0,611.0,20.0,20.0,0xff0000ff
Ell,1242.0,609.0,20.0,20.0,0xff0000ff
Ell,1243.0,606.0,20.0,20.0,0xff0000ff
Ell,1243.0,606.0,20.0,20.0,0xff0000ff
Ell,1244.0,602.0,20.0,20.0,0xff0000ff
Ell,1244.0,602.0,20.0,20.0,0xff0000ff
Ell,1244.0,598.0,20.0,20.0,0xff0000ff
Ell,1245.0,595.0,20.0,20.0,0xff0000ff
Ell,1245.0,595.0,20.0,20.0,0xff0000ff
Ell,1246.0,592.0,20.0,20.0,0xff0000ff
Ell,1246.0,592.0,20.0,20.0,0xff0000ff
Ell,1246.0,589.0,20.0,20.0,0xff0000ff
Ell,1248.0,585.0,20.0,20.0,0xff0000ff
Ell,1248.0,585.0,20.0,20.0,0xff0000ff
Ell,1250.0,582.0,20.0,20.0,0xff0000ff
Ell,1250.0,582.0,20.0,20.0,0xff0000ff
Ell,1251.0,580.0,20.0,20.0,0xff0000ff
Ell,1251.0,580.0,20.0,20.0,0xff0000ff
Ell,1252.0,577.0,20.0,20.0,0xff0000ff
Ell,1252.0,577.0,20.0,20.0,0xff0000ff
Ell,1254.0,573.0,20.0,20.0,0xff0000ff
Ell,1254.0,573.0,20.0,20.0,0xff0000ff
Ell,1255.0,570.0,20.0,20.0,0xff0000ff
Ell,1255.0,570.0,20.0,20.0,0xff0000ff
Ell,1256.0,565.0,20.0,20.0,0xff0000ff
Ell,1256.0,565.0,20.0,20.0,0xff0000ff
Ell,1259.0,559.0,20.0,20.0,0xff0000ff
Ell,1259.0,559.0,20.0,20.0,0xff0000ff
Ell,1259.0,554.0,20.0,20.0,0xff0000ff
Ell,1260.0,550.0,20.0,20.0,0xff0000ff
Ell,1260.0,550.0,20.0,20.0,0xff0000ff
Ell,1260.0,547.0,20.0,20.0,0xff0000ff
Ell,1260.0,544.0,20.0,20.0,0xff0000ff
Ell,1260.0,542.0,20.0,20.0,0xff0000ff
Ell,1260.0,541.0,20.0,20.0,0xff0000ff
Ell,1261.0,541.0,20.0,20.0,0xff0000ff
Ell,1261.0,540.0,20.0,20.0,0xff0000ff
Ell,1261.0,539.0,20.0,20.0,0xff0000ff
Ell,1262.0,539.0,20.0,20.0,0xff0000ff
Ell,1263.0,536.0,20.0,20.0,0xff0000ff
Ell,1263.0,536.0,20.0,20.0,0xff0000ff
Ell,1263.0,534.0,20.0,20.0,0xff0000ff
Ell,1264.0,533.0,20.0,20.0,0xff0000ff
Ell,1264.0,533.0,20.0,20.0,0xff0000ff
Ell,1265.0,531.0,20.0,20.0,0xff0000ff
Ell,1265.0,531.0,20.0,20.0,0xff0000ff
Ell,1265.0,529.0,20.0,20.0,0xff0000ff
Ell,1267.0,527.0,20.0,20.0,0xff0000ff
Ell,1267.0,527.0,20.0,20.0,0xff0000ff
Ell,1268.0,525.0,20.0,20.0,0xff0000ff
Ell,1268.0,525.0,20.0,20.0,0xff0000ff
Ell,1268.0,524.0,20.0,20.0,0xff0000ff
Ell,1269.0,523.0,20.0,20.0,0xff0000ff
Ell,1269.0,523.0,20.0,20.0,0xff0000ff
Ell,1270.0,523.0,20.0,20.0,0xff0000ff
Ell,1269.0,523.0,20.0,20.0,0xff0000ff
Ell,1268.0,521.0,20.0,20.0,0xff0000ff
Ell,1268.0,521.0,20.0,20.0,0xff0000ff
Ell,1271.0,519.0,20.0,20.0,0xff0000ff
Ell,1271.0,519.0,20.0,20.0,0xff0000ff
Ell,1274.0,517.0,20.0,20.0,0xff0000ff
Ell,1274.0,517.0,20.0,20.0,0xff0000ff
Ell,1278.0,515.0,20.0,20.0,0xff0000ff
Ell,1278.0,515.0,20.0,20.0,0xff0000ff
Ell,1282.0,514.0,20.0,20.0,0xff0000ff
Ell,1282.0,514.0,20.0,20.0,0xff0000ff
Ell,1286.0,511.0,20.0,20.0,0xff0000ff
Ell,1286.0,511.0,20.0,20.0,0xff0000ff
Ell,1289.0,509.0,20.0,20.0,0xff0000ff
Ell,1289.0,509.0,20.0,20.0,0xff0000ff
Ell,1293.0,507.0,20.0,20.0,0xff0000ff
Ell,1293.0,507.0,20.0,20.0,0xff0000ff
Ell,1297.0,505.0,20.0,20.0,0xff0000ff
Ell,1297.0,505.0,20.0,20.0,0xff0000ff
Ell,1301.0,500.0,20.0,20.0,0xff0000ff
Ell,1301.0,500.0,20.0,20.0,0xff0000ff
Ell,1303.0,497.0,20.0,20.0,0xff0000ff
Ell,1303.0,497.0,20.0,20.0,0xff0000ff
Ell,1305.0,496.0,20.0,20.0,0xff0000ff
Ell,1305.0,496.0,20.0,20.0,0xff0000ff
Ell,1308.0,494.0,20.0,20.0,0xff0000ff
Ell,1308.0,494.0,20.0,20.0,0xff0000ff
Ell,1310.0,492.0,20.0,20.0,0xff0000ff
Ell,1310.0,492.0,20.0,20.0,0xff0000ff
Ell,1311.0,490.0,20.0,20.0,0xff0000ff
Ell,1311.0,490.0,20.0,20.0,0xff0000ff
Ell,1313.0,489.0,20.0,20.0,0xff0000ff
Ell,1313.0,489.0,20.0,20.0,0xff0000ff
Ell,1314.0,488.0,20.0,20.0,0xff0000ff
Ell,1314.0,488.0,20.0,20.0,0xff0000ff
Ell,1315.0,486.0,20.0,20.0,0xff0000ff
Ell,1315.0,486.0,20.0,20.0,0xff0000ff
Ell,1316.0,486.0,20.0,20.0,0xff0000ff
Ell,1317.0,484.0,20.0,20.0,0xff0000ff
Ell,1317.0,484.0,20.0,20.0,0xff0000ff
Ell,1318.0,483.0,20.0,20.0,0xff0000ff
Ell,1318.0,483.0,20.0,20.0,0xff0000ff
Ell,1320.0,482.0,20.0,20.0,0xff0000ff
Ell,1320.0,482.0,20.0,20.0,0xff0000ff
Ell,1322.0,480.0,20.0,20.0,0xff0000ff
Ell,1322.0,480.0,20.0,20.0,0xff0000ff
Ell,1326.0,478.0,20.0,20.0,0xff0000ff
Ell,1326.0,478.0,20.0,20.0,0xff0000ff
Ell,1328.0,474.0,20.0,20.0,0xff0000ff
Ell,1328.0,474.0,20.0,20.0,0xff0000ff
Ell,1332.0,470.0,20.0,20.0,0xff0000ff
Ell,1332.0,470.0,20.0,20.0,0xff0000ff
Ell,1335.0,468.0,20.0,20.0,0xff0000ff
Ell,1335.0,468.0,20.0,20.0,0xff0000ff
Ell,1337.0,464.0,20.0,20.0,0xff0000ff
Ell,1337.0,464.0,20.0,20.0,0xff0000ff
Ell,1337.0,463.0,20.0,20.0,0xff0000ff
Ell,1337.0,462.0,20.0,20.0,0xff0000ff
Ell,1338.0,460.0,20.0,20.0,0xff0000ff
Ell,1338.0,460.0,20.0,20.0,0xff0000ff
Ell,1339.0,455.0,20.0,20.0,0xff0000ff
Ell,1339.0,455.0,20.0,20.0,0xff0000ff
Ell,1340.0,452.0,20.0,20.0,0xff0000ff
Ell,1340.0,452.0,20.0,20.0,0xff0000ff
Ell,1344.0,445.3333333333333,20.0,20.0,0xff0000ff
Ell,1344.0,444.0,20.0,20.0,0xff0000ff
Ell,1345.0,441.0,20.0,20.0,0xff0000ff
Ell,1345.0,441.0,20.0,20.0,0xff0000ff
Ell,1346.0,437.0,20.0,20.0,0xff0000ff
Ell,1346.0,437.0,20.0,20.0,0xff0000ff
Ell,1347.0,433.0,20.0,20.0,0xff0000ff
Ell,1347.0,433.0,20.0,20.0,0xff0000ff
Ell,1347.0,431.0,20.0,20.0,0xff0000ff
Ell,1347.0,427.0,20.0,20.0,0xff0000ff
Ell,1347.0,425.0,20.0,20.0,0xff0000ff
Ell,1347.0,424.0,20.0,20.0,0xff0000ff
Ell,1347.0,419.0,20.0,20.0,0xff0000ff
Ell,1347.0,416.0,20.0,20.0,0xff0000ff
Ell,1348.0,411.0,20.0,20.0,0xff0000ff
Ell,1348.0,411.0,20.0,20.0,0xff0000ff
Ell,1348.0,406.0,20.0,20.0,0xff0000ff
Ell,1349.0,403.0,20.0,20.0,0xff0000ff
Ell,1349.0,403.0,20.0,20.0,0xff0000ff
Ell,1349.0,398.0,20.0,20.0,0xff0000ff
Ell,1349.0,394.0,20.0,20.0,0xff0000ff
Ell,1349.0,389.0,20.0,20.0,0xff0000ff
Ell,1349.0,384.0,20.0,20.0,0xff0000ff
Ell,1349.0,377.0,20.0,20.0,0xff0000ff
Ell,1349.0,372.0,20.0,20.0,0xff0000ff
Ell,1349.0,364.0,20.0,20.0,0xff0000ff
Ell,1349.0,362.0,20.0,20.0,0xff0000ff
Ell,1349.0,361.0,20.0,20.0,0xff0000ff
Ell,1350.0,357.0,20.0,20.0,0xff0000ff
Ell,1350.0,357.0,20.0,20.0,0xff0000ff
Ell,1350.0,356.0,20.0,20.0,0xff0000ff
Ell,1350.0,354.0,20.0,20.0,0xff0000ff
Ell,1350.0,353.0,20.0,20.0,0xff0000ff
Ell,1350.0,351.0,20.0,20.0,0xff0000ff
Ell,1350.0,350.0,20.0,20.0,0xff0000ff
Ell,1349.0,348.0,20.0,20.0,0xff0000ff
Ell,1349.0,348.0,20.0,20.0,0xff0000ff
Ell,1349.0,347.0,20.0,20.0,0xff0000ff
Ell,1348.0,345.0,20.0,20.0,0xff0000ff
Ell,1348.0,345.0,20.0,20.0,0xff0000ff
Ell,1348.0,341.0,20.0,20.0,0xff0000ff
Ell,1348.0,340.0,20.0,20.0,0xff0000ff
Ell,1347.0,338.0,20.0,20.0,0xff0000ff
Ell,1347.0,338.0,20.0,20.0,0xff0000ff
Ell,1346.0,337.0,20.0,20.0,0xff0000ff
Ell,1346.0,337.0,20.0,20.0,0xff0000ff
Ell,1346.0,336.0,20.0,20.0,0xff0000ff
Ell,1346.0,335.0,20.0,20.0,0xff0000ff
Ell,1345.0,334.0,20.0,20.0,0xff0000ff
Ell,1345.0,334.0,20.0,20.0,0xff0000ff
Ell,1345.0,333.0,20.0,20.0,0xff0000ff
Ell,1344.0,332.0,20.0,20.0,0xff0000ff
Ell,1344.0,332.0,20.0,20.0,0xff0000ff
Ell,1342.0,329.0,20.0,20.0,0xff0000ff
Ell,1342.0,329.0,20.0,20.0,0xff0000ff
Ell,1339.0,322.3333333333333,20.0,20.0,0xff0000ff
Ell,1339.0,321.0,20.0,20.0,0xff0000ff
Ell,1338.0,319.0,20.0,20.0,0xff0000ff
Ell,1338.0,319.0,20.0,20.0,0xff0000ff
Ell,1337.0,319.0,20.0,20.0,0xff0000ff
Ell,1084.0,145.0,20.0,20.0,0xff0000ff
Ell,1091.0,145.0,20.0,20.0,0xff0000ff
Ell,1097.0,145.0,20.0,20.0,0xff0000ff
Ell,1103.6666666666667,144.0,20.0,20.0,0xff0000ff
Ell,1104.0,144.0,20.0,20.0,0xff0000ff
Ell,1110.6666666666667,139.0,20.0,20.0,0xff0000ff
Ell,1131.0,139.0,20.0,20.0,0xff0000ff
Ell,1146.0,139.0,20.0,20.0,0xff0000ff
Ell,1161.0,139.0,20.0,20.0,0xff0000ff
Ell,1167.6666666666667,137.0,20.0,20.0,0xff0000ff
Ell,1170.0,137.0,20.0,20.0,0xff0000ff
Ell,1176.6666666666667,136.0,20.0,20.0,0xff0000ff
Ell,1179.0,136.0,20.0,20.0,0xff0000ff
Ell,1188.0,136.0,20.0,20.0,0xff0000ff
Ell,1195.0,136.0,20.0,20.0,0xff0000ff
Ell,1203.0,136.0,20.0,20.0,0xff0000ff
Ell,1211.0,136.0,20.0,20.0,0xff0000ff
Ell,1215.0,136.0,20.0,20.0,0xff0000ff
Ell,1220.0,136.0,20.0,20.0,0xff0000ff
Ell,1224.0,135.0,20.0,20.0,0xff0000ff
Ell,1224.0,135.0,20.0,20.0,0xff0000ff
Ell,1230.6666666666667,133.0,20.0,20.0,0xff0000ff
Ell,1231.0,133.0,20.0,20.0,0xff0000ff
Ell,1237.6666666666667,131.0,20.0,20.0,0xff0000ff
Ell,1248.0,131.0,20.0,20.0,0xff0000ff
Ell,1252.0,131.0,20.0,20.0,0xff0000ff
Ell,1254.0,131.0,20.0,20.0,0xff0000ff
Ell,1255.0,130.0,20.0,20.0,0xff0000ff
Ell,1255.0,130.0,20.0,20.0,0xff0000ff
Ell,1257.0,130.0,20.0,20.0,0xff0000ff
Ell,1260.0,129.0,20.0,20.0,0xff0000ff
Ell,1260.0,129.0,20.0,20.0,0xff0000ff
Ell,1261.0,129.0,20.0,20.0,0xff0000ff
Ell,1263.0,128.0,20.0,20.0,0xff0000ff
Ell,1263.0,128.0,20.0,20.0,0xff0000ff
Ell,1264.0,128.0,20.0,20.0,0xff0000ff
Ell,1264.0,127.0,20.0,20.0,0xff0000ff
Ell,1265.0,127.0,20.0,20.0,0xff0000ff
Ell,1268.0,127.0,20.0,20.0,0xff0000ff
Ell,1269.0,127.0,20.0,20.0,0xff0000ff
Ell,1271.0,127.0,20.0,20.0,0xff0000ff
Ell,1272.0,127.0,20.0,20.0,0xff0000ff
Ell,1276.0,127.0,20.0,20.0,0xff0000ff
Ell,1278.0,128.0,20.0,20.0,0xff0000ff
Ell,1278.0,128.0,20.0,20.0,0xff0000ff
Ell,1284.6666666666667,129.0,20.0,20.0,0xff0000ff
Ell,1286.0,129.0,20.0,20.0,0xff0000ff
Ell,1291.0,130.0,20.0,20.0,0xff0000ff
Ell,1291.0,130.0,20.0,20.0,0xff0000ff
Ell,1297.0,131.0,20.0,20.0,0xff0000ff
Ell,1297.0,131.0,20.0,20.0,0xff0000ff
Ell,1302.0,132.0,20.0,20.0,0xff0000ff
Ell,1302.0,132.0,20.0,20.0,0xff0000ff
Ell,1306.0,134.0,20.0,20.0,0xff0000ff
Ell,1306.0,134.0,20.0,20.0,0xff0000ff
Ell,1307.0,134.0,20.0,20.0,0xff0000ff
Ell,1309.0,134.0,20.0,20.0,0xff0000ff
Ell,1310.0,135.0,20.0,20.0,0xff0000ff
Ell,1310.0,135.0,20.0,20.0,0xff0000ff
Ell,1313.0,135.0,20.0,20.0,0xff0000ff
Ell,1314.0,135.0,20.0,20.0,0xff0000ff
Ell,1316.0,136.0,20.0,20.0,0xff0000ff
Ell,1316.0,136.0,20.0,20.0,0xff0000ff
Ell,1318.0,136.0,20.0,20.0,0xff0000ff
Ell,1321.0,137.0,20.0,20.0,0xff0000ff
Ell,1321.0,137.0,20.0,20.0,0xff0000ff
Ell,1322.0,137.0,20.0,20.0,0xff0000ff
Ell,1325.0,138.0,20.0,20.0,0xff0000ff
Ell,1325.0,138.0,20.0,20.0,0xff0000ff
Ell,1328.0,139.0,20.0,20.0,0xff0000ff
Ell,1328.0,139.0,20.0,20.0,0xff0000ff
Ell,1333.0,140.0,20.0,20.0,0xff0000ff
Ell,1333.0,140.0,20.0,20.0,0xff0000ff
Ell,1335.0,140.0,20.0,20.0,0xff0000ff
Ell,1337.0,141.0,20.0,20.0,0xff0000ff
Ell,1337.0,141.0,20.0,20.0,0xff0000ff
Ell,1342.0,142.0,20.0,20.0,0xff0000ff
Ell,1342.0,142.0,20.0,20.0,0xff0000ff
Ell,1344.0,143.0,20.0,20.0,0xff0000ff
Ell,1344.0,143.0,20.0,20.0,0xff0000ff
Ell,1347.0,143.0,20.0,20.0,0xff0000ff
Ell,1348.0,143.0,20.0,20.0,0xff0000ff
Ell,1349.0,143.0,20.0,20.0,0xff0000ff
Ell,1349.0,144.0,20.0,20.0,0xff0000ff
Ell,1350.0,144.0,20.0,20.0,0xff0000ff
Ell,1351.0,144.0,20.0,20.0,0xff0000ff
Ell,1352.0,144.0,20.0,20.0,0xff0000ff
Ell,1353.0,144.0,20.0,20.0,0xff0000ff
Ell,1354.0,144.0,20.0,20.0,0xff0000ff
Ell,1355.0,144.0,20.0,20.0,0xff0000ff
Ell,1358.0,144.0,20.0,20.0,0xff0000ff
Ell,1360.0,144.0,20.0,20.0,0xff0000ff
Ell,1361.0,144.0,20.0,20.0,0xff0000ff
Ell,1359.0,146.0,20.0,20.0,0xff0000ff
Ell,1359.0,146.0,20.0,20.0,0xff0000ff
Ell,1063.0,641.0,20.0,20.0,0xff0000ff
Ell,1063.0,649.0,20.0,20.0,0xff0000ff
Ell,1062.0,655.6666666666666,20.0,20.0,0xff0000ff
Ell,1062.0,657.0,20.0,20.0,0xff0000ff
Ell,1062.0,667.0,20.0,20.0,0xff0000ff
Ell,1062.0,680.0,20.0,20.0,0xff0000ff
Ell,1064.0,686.6666666666666,20.0,20.0,0xff0000ff
Ell,1064.0,697.0,20.0,20.0,0xff0000ff
Ell,1068.0,703.6666666666666,20.0,20.0,0xff0000ff
Ell,1068.0,714.0,20.0,20.0,0xff0000ff
Ell,1074.6666666666667,720.6666666666666,20.0,20.0,0xff0000ff
Ell,1081.3333333333335,727.3333333333333,20.0,20.0,0xff0000ff
Ell,1083.0,733.9999999999999,20.0,20.0,0xff0000ff
Ell,1083.0,767.0,20.0,20.0,0xff0000ff
Ell,1084.0,770.0,20.0,20.0,0xff0000ff
Ell,1084.0,770.0,20.0,20.0,0xff0000ff
Ell,1085.0,776.6666666666666,20.0,20.0,0xff0000ff
Ell,1085.0,778.0,20.0,20.0,0xff0000ff
Ell,1086.0,779.0,20.0,20.0,0xff0000ff
Ell,1086.0,779.0,20.0,20.0,0xff0000ff
Ell,1088.0,782.0,20.0,20.0,0xff0000ff
Ell,1088.0,782.0,20.0,20.0,0xff0000ff
Ell,1093.0,787.0,20.0,20.0,0xff0000ff
Ell,1093.0,787.0,20.0,20.0,0xff0000ff
Ell,1097.0,790.0,20.0,20.0,0xff0000ff
Ell,1097.0,790.0,20.0,20.0,0xff0000ff
Ell,1099.0,793.0,20.0,20.0,0xff0000ff
Ell,1099.0,793.0,20.0,20.0,0xff0000ff
Ell,1100.0,795.0,20.0,20.0,0xff0000ff
Ell,1100.0,795.0,20.0,20.0,0xff0000ff
Ell,1101.0,797.0,20.0,20.0,0xff0000ff
Ell,1101.0,797.0,20.0,20.0,0xff0000ff
Ell,1101.0,798.0,20.0,20.0,0xff0000ff
Ell,1101.0,799.0,20.0,20.0,0xff0000ff
Ell,1102.0,799.0,20.0,20.0,0xff0000ff
Ell,1104.0,800.0,20.0,20.0,0xff0000ff
Ell,1104.0,800.0,20.0,20.0,0xff0000ff
Ell,1108.0,802.0,20.0,20.0,0xff0000ff
Ell,1108.0,802.0,20.0,20.0,0xff0000ff
Ell,1110.0,803.0,20.0,20.0,0xff0000ff
Ell,1110.0,803.0,20.0,20.0,0xff0000ff
Ell,1113.0,807.0,20.0,20.0,0xff0000ff
Ell,1113.0,807.0,20.0,20.0,0xff0000ff
Ell,1115.0,809.0,20.0,20.0,0xff0000ff
Ell,1115.0,809.0,20.0,20.0,0xff0000ff
Ell,1117.0,813.0,20.0,20.0,0xff0000ff
Ell,1117.0,813.0,20.0,20.0,0xff0000ff
Ell,1117.0,814.0,20.0,20.0,0xff0000ff
Ell,1117.0,815.0,20.0,20.0,0xff0000ff
Ell,1117.0,228.0,20.0,20.0,0xff0000ff
Ell,1123.6666666666667,227.0,20.0,20.0,0xff0000ff
Ell,1140.0,227.0,20.0,20.0,0xff0000ff
Ell,1146.6666666666667,225.0,20.0,20.0,0xff0000ff
Ell,1172.0,225.0,20.0,20.0,0xff0000ff
Ell,1179.0,225.0,20.0,20.0,0xff0000ff
Ell,1185.6666666666667,220.0,20.0,20.0,0xff0000ff
Ell,1208.0,220.0,20.0,20.0,0xff0000ff
Ell,1214.6666666666667,216.0,20.0,20.0,0xff0000ff
Ell,1256.0,216.0,20.0,20.0,0xff0000ff
Ell,1262.6666666666667,211.0,20.0,20.0,0xff0000ff
Ell,1276.0,211.0,20.0,20.0,0xff0000ff
Ell,1282.6666666666667,208.0,20.0,20.0,0xff0000ff
Ell,1288.0,208.0,20.0,20.0,0xff0000ff
Ell,1294.6666666666667,203.0,20.0,20.0,0xff0000ff
Ell,1346.0,203.0,20.0,20.0,0xff0000ff
Ell,1352.6666666666667,202.0,20.0,20.0,0xff0000ff
Ell,1358.0,202.0,20.0,20.0,0xff0000ff
Ell,1364.6666666666667,201.0,20.0,20.0,0xff0000ff
Ell,1387.0,201.0,20.0,20.0,0xff0000ff
Ell,1402.0,201.0,20.0,20.0,0xff0000ff
Ell,1404.0,201.0,20.0,20.0,0xff0000ff
Ell,1409.0,201.0,20.0,20.0,0xff0000ff
Ell,1413.0,202.0,20.0,20.0,0xff0000ff
Ell,1413.0,202.0,20.0,20.0,0xff0000ff
Ell,1419.6666666666667,203.0,20.0,20.0,0xff0000ff
Ell,1420.0,203.0,20.0,20.0,0xff0000ff
Ell,1426.6666666666667,207.0,20.0,20.0,0xff0000ff
Ell,1460.0,207.0,20.0,20.0,0xff0000ff
Ell,1462.0,208.0,20.0,20.0,0xff0000ff
Ell,1462.0,208.0,20.0,20.0,0xff0000ff
Ell,1466.0,208.0,20.0,20.0,0xff0000ff
Ell,1468.0,208.0,20.0,20.0,0xff0000ff
Ell,1470.0,210.0,20.0,20.0,0xff0000ff
Ell,1470.0,210.0,20.0,20.0,0xff0000ff
Ell,1471.0,210.0,20.0,20.0,0xff0000ff
Ell,1475.0,211.0,20.0,20.0,0xff0000ff
Ell,1475.0,211.0,20.0,20.0,0xff0000ff
Ell,1478.0,211.0,20.0,20.0,0xff0000ff
Ell,1481.0,212.0,20.0,20.0,0xff0000ff
Ell,1481.0,212.0,20.0,20.0,0xff0000ff
Ell,1484.0,212.0,20.0,20.0,0xff0000ff
Ell,1490.6666666666667,213.0,20.0,20.0,0xff0000ff
Ell,1491.0,213.0,20.0,20.0,0xff0000ff
Ell,1491.0,214.0,20.0,20.0,0xff0000ff
Ell,1494.0,215.0,20.0,20.0,0xff0000ff
Ell,1494.0,215.0,20.0,20.0,0xff0000ff
Ell,1496.0,217.0,20.0,20.0,0xff0000ff
Ell,1496.0,217.0,20.0,20.0,0xff0000ff
Ell,1498.0,219.0,20.0,20.0,0xff0000ff
Ell,1498.0,219.0,20.0,20.0,0xff0000ff
Ell,1501.0,220.0,20.0,20.0,0xff0000ff
Ell,1501.0,220.0,20.0,20.0,0xff0000ff
Ell,1504.0,222.0,20.0,20.0,0xff0000ff
Ell,1504.0,222.0,20.0,20.0,0xff0000ff
Ell,1506.0,224.0,20.0,20.0,0xff0000ff
Ell,1506.0,224.0,20.0,20.0,0xff0000ff
Ell,1507.0,227.0,20.0,20.0,0xff0000ff
Ell,1507.0,227.0,20.0,20.0,0xff0000ff
Ell,1509.0,228.0,20.0,20.0,0xff0000ff
Ell,1509.0,228.0,20.0,20.0,0xff0000ff
Ell,1510.0,229.0,20.0,20.0,0xff0000ff
Ell,1510.0,229.0,20.0,20.0,0xff0000ff
Ell,1510.0,230.0,20.0,20.0,0xff0000ff
Ell,1511.0,232.0,20.0,20.0,0xff0000ff
Ell,1511.0,232.0,20.0,20.0,0xff0000ff
Ell,1514.0,234.0,20.0,20.0,0xff0000ff
Ell,1514.0,234.0,20.0,20.0,0xff0000ff
Ell,1515.0,236.0,20.0,20.0,0xff0000ff
Ell,1515.0,236.0,20.0,20.0,0xff0000ff
Ell,1519.0,238.0,20.0,20.0,0xff0000ff
Ell,1519.0,238.0,20.0,20.0,0xff0000ff
Ell,1521.0,238.0,20.0,20.0,0xff0000ff
Ell,1523.0,242.0,20.0,20.0,0xff0000ff
Ell,1523.0,242.0,20.0,20.0,0xff0000ff
Ell,1523.0,243.0,20.0,20.0,0xff0000ff
Ell,1524.0,245.0,20.0,20.0,0xff0000ff
Ell,1524.0,245.0,20.0,20.0,0xff0000ff
Ell,1525.0,246.0,20.0,20.0,0xff0000ff
Ell,1525.0,246.0,20.0,20.0,0xff0000ff
Ell,1525.0,247.0,20.0,20.0,0xff0000ff
Ell,1527.0,249.0,20.0,20.0,0xff0000ff
Ell,1527.0,249.0,20.0,20.0,0xff0000ff
Ell,1527.0,250.0,20.0,20.0,0xff0000ff
Ell,1527.0,251.0,20.0,20.0,0xff0000ff
Ell,1527.0,253.0,20.0,20.0,0xff0000ff
Ell,1527.0,254.0,20.0,20.0,0xff0000ff
Ell,1527.0,255.0,20.0,20.0,0xff0000ff
Ell,1527.0,258.0,20.0,20.0,0xff0000ff
Ell,1527.0,260.0,20.0,20.0,0xff0000ff
Ell,1526.0,262.0,20.0,20.0,0xff0000ff
Ell,1526.0,262.0,20.0,20.0,0xff0000ff
Ell,1526.0,264.0,20.0,20.0,0xff0000ff
Ell,1526.0,267.0,20.0,20.0,0xff0000ff
Ell,1526.0,269.0,20.0,20.0,0xff0000ff
Ell,1526.0,272.0,20.0,20.0,0xff0000ff
Ell,1526.0,273.0,20.0,20.0,0xff0000ff
Ell,1527.0,275.0,20.0,20.0,0xff0000ff
Ell,1527.0,275.0,20.0,20.0,0xff0000ff
Ell,1528.0,277.0,20.0,20.0,0xff0000ff
Ell,1528.0,277.0,20.0,20.0,0xff0000ff
Ell,1530.0,278.0,20.0,20.0,0xff0000ff
Ell,1530.0,278.0,20.0,20.0,0xff0000ff
Ell,1530.0,279.0,20.0,20.0,0xff0000ff
Ell,1530.0,280.0,20.0,20.0,0xff0000ff
Ell,1531.0,282.0,20.0,20.0,0xff0000ff
Ell,1531.0,282.0,20.0,20.0,0xff0000ff
Ell,1531.0,283.0,20.0,20.0,0xff0000ff
Ell,1531.0,284.0,20.0,20.0,0xff0000ff

